{
  "best_model": "GradientBoostingClassifier",
  "cv_score": {
    "model_name": "GradientBoostingClassifier",
    "cv_score (f1)": 0.6477593684198233,
    "best_params": {
      "learning_rate": 0.1,
      "max_depth": 3
    }
  },
  "test_score": {
    "model_name": "gr_boosting",
    "accuracy": 0.9758,
    "precision": 0.8654970760233918,
    "recall": 0.6016260162601627,
    "f1": 0.709832134292566,
    "pr-auc": 0.7151652684408367,
    "roc-auc": 0.8978985603907363
  }
}